<?xml version="1.0" encoding="UTF-8"?>
<project-private xmlns="http://www.netbeans.org/ns/project-private/1">
    <editor-bookmarks xmlns="http://www.netbeans.org/ns/editor-bookmarks/2" lastBookmarkId="0"/>
    <open-files xmlns="http://www.netbeans.org/ns/projectui-open-files/2">
        <group>
            <file>file:/D:/MathOperation/src/java/Pattern.java</file>
            <file>file:/D:/MathOperation/src/java/Calculator.java</file>
            <file>file:/D:/MathOperation/web/WEB-INF/web.xml</file>
            <file>file:/D:/MathOperation/src/java/Operation.java</file>
            <file>file:/D:/MathOperation/src/java/OneDigit.java</file>
            <file>file:/D:/MathOperation/web/index.html</file>
        </group>
    </open-files>
</project-private>
