<?xml version="1.0" encoding="UTF-8"?>
<project-private xmlns="http://www.netbeans.org/ns/project-private/1">
    <editor-bookmarks xmlns="http://www.netbeans.org/ns/editor-bookmarks/2" lastBookmarkId="0"/>
    <open-files xmlns="http://www.netbeans.org/ns/projectui-open-files/2">
        <group>
            <file>file:/C:/Users/dell/Desktop/JspLogin2/web/profile2.jsp</file>
            <file>file:/C:/Users/dell/Desktop/JspLogin2/web/Updatepassword.jsp</file>
            <file>file:/C:/Users/dell/Desktop/JspLogin2/web/Update.jsp</file>
            <file>file:/C:/Users/dell/Desktop/JspLogin2/web/Profile.jsp</file>
            <file>file:/C:/Users/dell/Desktop/JspLogin2/web/Registration2.jsp</file>
            <file>file:/C:/Users/dell/Desktop/JspLogin2/web/Login.jsp</file>
            <file>file:/C:/Users/dell/Desktop/JspLogin2/web/Editprofile.jsp</file>
        </group>
    </open-files>
</project-private>
