<?xml version="1.0" encoding="UTF-8"?>
<project-private xmlns="http://www.netbeans.org/ns/project-private/1">
    <editor-bookmarks xmlns="http://www.netbeans.org/ns/editor-bookmarks/2" lastBookmarkId="0"/>
    <open-files xmlns="http://www.netbeans.org/ns/projectui-open-files/2">
        <group>
            <file>file:/C:/Users/dell/Desktop/awtproject50/src/package50/Vote1.java</file>
            <file>file:/C:/Users/dell/Desktop/awtproject50/src/package50/Fact6.java</file>
            <file>file:/C:/Users/dell/Desktop/awtproject50/src/package50/Power1.java</file>
            <file>file:/C:/Users/dell/Desktop/awtproject50/src/package50/Power4.java</file>
            <file>file:/C:/Users/dell/Desktop/awtproject50/src/package50/Fact.java</file>
            <file>file:/C:/Users/dell/Desktop/awtproject50/src/package50/ChoiceTest.java</file>
            <file>file:/C:/Users/dell/Desktop/awtproject50/src/package50/Circle.java</file>
            <file>file:/C:/Users/dell/Desktop/awtproject50/src/package50/Power3.java</file>
            <file>file:/C:/Users/dell/Desktop/awtproject50/src/package50/Power6.java</file>
            <file>file:/C:/Users/dell/Desktop/awtproject50/src/package50/Fact3.java</file>
            <file>file:/C:/Users/dell/Desktop/awtproject50/src/package50/loginpage.java</file>
            <file>file:/C:/Users/dell/Desktop/awtproject50/src/package50/registration.java</file>
            <file>file:/C:/Users/dell/Desktop/awtproject50/src/program2/program2.java</file>
            <file>file:/C:/Users/dell/Desktop/awtproject50/src/package50/Power.java</file>
            <file>file:/C:/Users/dell/Desktop/awtproject50/src/package50/Fact5.java</file>
            <file>file:/C:/Users/dell/Desktop/awtproject50/src/package50/Checkboxes.java</file>
            <file>file:/C:/Users/dell/Desktop/awtproject50/src/package50/Fact2.java</file>
            <file>file:/C:/Users/dell/Desktop/awtproject50/src/package50/Power5.java</file>
            <file>file:/C:/Users/dell/Desktop/awtproject50/src/package50/Fact4.java</file>
            <file>file:/C:/Users/dell/Desktop/awtproject50/src/package50/Fact7.java</file>
            <file>file:/C:/Users/dell/Desktop/awtproject50/src/package50/Power2.java</file>
            <file>file:/C:/Users/dell/Desktop/awtproject50/src/package50/Calculator.java</file>
        </group>
    </open-files>
</project-private>
