<?xml version="1.0" encoding="UTF-8"?>
<project-private xmlns="http://www.netbeans.org/ns/project-private/1">
    <editor-bookmarks xmlns="http://www.netbeans.org/ns/editor-bookmarks/2" lastBookmarkId="1">
        <file>
            <url>src/java/Travel/Login.java</url>
            <bookmark id="1">
                <name/>
                <line>227</line>
                <key/>
            </bookmark>
        </file>
    </editor-bookmarks>
    <open-files xmlns="http://www.netbeans.org/ns/projectui-open-files/2">
        <group>
            <file>file:/C:/Users/user/Documents/Travel/Travel/src/java/Travel/Registration.java</file>
            <file>file:/C:/Users/user/Documents/Travel/Travel/src/java/Travel/Database.java</file>
            <file>file:/C:/Users/user/Documents/Travel/Travel/src/java/Travel/Dashboard.java</file>
            <file>file:/C:/Users/user/Documents/Travel/Travel/src/java/Travel/NewServlet.java</file>
            <file>file:/C:/Users/user/Documents/Travel/Travel/web/index.html</file>
        </group>
    </open-files>
</project-private>
