<?xml version="1.0" encoding="UTF-8"?>
<project-private xmlns="http://www.netbeans.org/ns/project-private/1">
    <editor-bookmarks xmlns="http://www.netbeans.org/ns/editor-bookmarks/2" lastBookmarkId="0"/>
    <open-files xmlns="http://www.netbeans.org/ns/projectui-open-files/2">
        <group>
            <file>file:/C:/Users/dell/Desktop/TestProject/web/patterninput.html</file>
            <file>file:/C:/Users/dell/Desktop/TestProject/web/calculator.html</file>
            <file>file:/C:/Users/dell/Desktop/TestProject/src/java/Factorial1.java</file>
            <file>file:/C:/Users/dell/Desktop/TestProject/src/java/Isum.java</file>
            <file>file:/C:/Users/dell/Desktop/TestProject/src/java/Inputsum.java</file>
            <file>file:/C:/Users/dell/Desktop/TestProject/web/index.html</file>
            <file>file:/C:/Users/dell/Desktop/TestProject/src/java/Calcmech.java</file>
            <file>file:/C:/Users/dell/Desktop/TestProject/src/java/Power1.java</file>
            <file>file:/C:/Users/dell/Desktop/TestProject/web/WEB-INF/Factorial.html</file>
            <file>file:/C:/Users/dell/Desktop/TestProject/src/java/Pow.java</file>
            <file>file:/C:/Users/dell/Desktop/TestProject/src/java/Fact.java</file>
            <file>file:/C:/Users/dell/Desktop/TestProject/src/java/Calculator.java</file>
        </group>
    </open-files>
</project-private>
